index,bpm,probability,time,downbeat
0,118.79852294921875,0.87649005651474,0.0682312925170068,false
1,118.79792022705078,0.8764151930809021,0.32074829931972787,false
2,118.79725646972656,0.8770985007286072,0.573265306122449,true
3,118.79725646972656,0.8777676820755005,0.8258049886621315,false
4,118.7972640991211,0.8784210085868835,1.0782539682539682,false
5,118.79297637939453,0.8790565133094788,1.330702947845805,false
6,118.78848266601562,0.8796126246452332,1.5832426303854876,false
7,118.78887176513672,0.8802073001861572,1.83578231292517,false
8,118.78887176513672,0.8807770609855652,2.088344671201814,false
9,118.78887176513672,0.8811987638473511,2.3407256235827663,false
10,118.78009033203125,0.8815401196479797,2.5931065759637186,true
11,118.77149963378906,0.8788516521453857,2.8456462585034012,false
12,118.77023315429688,0.8793761730194092,3.0981179138321995,false
13,118.76412963867188,0.8798674941062927,3.3505895691609977,false
14,118.75778198242188,0.8669205904006958,3.6034467120181404,false
15,118.7712173461914,0.8676151633262634,3.8559410430839,false
16,118.76740264892578,0.8663890957832336,4.108344671201814,false
17,118.7574234008789,0.867118775844574,4.360748299319728,false
18,118.74642181396484,0.8678421378135681,4.613356009070295,true
19,118.74555206298828,0.8685580492019653,4.865963718820861,false
20,118.74384307861328,0.8692656755447388,5.118798185941043,false
21,118.75410461425781,0.8699638247489929,5.371383219954649,false
22,118.75263977050781,0.8706514239311218,5.623741496598639,false
23,118.73960876464844,0.8713270425796509,5.876258503401361,false
24,118.7336196899414,0.8719887733459473,6.128616780045351,false
25,118.71751403808594,0.8726357817649841,6.380975056689342,false
26,118.70010375976562,0.8732057809829712,6.6334920634920636,true
27,118.68875885009766,0.8736392259597778,6.8859410430839,false
28,118.67240905761719,0.8677667379379272,7.138390022675737,false
29,118.65541076660156,0.8684747815132141,7.390997732426304,false
30,118.6439437866211,0.8666099905967712,7.643560090702948,false
31,118.62965393066406,0.8673452734947205,7.896507936507937,false
32,118.6337890625,0.8680698275566101,8.149138321995466,false
33,118.6219711303711,0.8679750561714172,8.401700680272109,false
34,118.60464477539062,0.8687123656272888,8.654308390022676,true
35,118.58767700195312,0.869443953037262,8.906757369614512,false
36,118.56121826171875,0.8701682686805725,9.15954648526077,false
37,118.54934692382812,0.8675516247749329,9.412585034013606,false
38,118.54878997802734,0.8683280348777771,9.665442176870748,false
39,118.53828430175781,0.8691027164459229,9.918526077097505,false
40,118.53857421875,0.869745135307312,10.171519274376417,false
41,118.53459167480469,0.8705177903175354,10.42437641723356,false
42,118.52256774902344,0.8712877631187439,10.677324263038548,true
43,118.51485443115234,0.8720545172691345,10.930408163265307,false
44,118.51258087158203,0.8728126883506775,11.183356009070295,false
45,118.50333404541016,0.8735714554786682,11.436553287981859,false
46,118.50544738769531,0.8743252754211426,11.689705215419501,false
47,118.50543212890625,0.8750733733177185,11.942471655328799,false
48,118.48529815673828,0.8758124709129333,12.195238095238095,false
49,118.46376037597656,0.8765466809272766,12.448163265306123,false
50,118.44798278808594,0.8772724270820618,12.701065759637189,true
51,118.42904663085938,0.8779720067977905,12.95437641723356,false
52,118.42927551269531,0.8786779642105103,13.20748299319728,false
53,118.41842651367188,0.8792467713356018,13.460816326530612,false
54,118.41905212402344,0.8795011639595032,13.714285714285714,false
55,118.42677307128906,0.8801662921905518,13.96795918367347,false
56,118.4451675415039,0.8806445598602295,14.221428571428572,false
57,118.45536804199219,0.8812947273254395,14.47467120181406,false
58,118.45452117919922,0.8819277882575989,14.727619047619047,true
59,118.43891906738281,0.8825398087501526,14.980839002267574,false
60,118.43609619140625,0.8831283450126648,15.2337641723356,false
61,118.4176025390625,0.8836904168128967,15.486916099773243,false
62,118.407958984375,0.8825670480728149,15.74031746031746,false
63,118.41049194335938,0.8831104040145874,15.993650793650794,false
64,118.41049194335938,0.8753597140312195,16.246938775510205,false
65,118.4059829711914,0.8758736252784729,16.500340136054422,false
66,118.40830993652344,0.8722166419029236,16.753514739229026,true
67,118.39913177490234,0.8729606866836548,17.00643990929705,false
68,118.376220703125,0.8737084269523621,17.259206349206348,false
69,118.34243774414062,0.8744499683380127,17.511972789115646,false
70,118.30520629882812,0.8747162818908691,17.76498866213152,false
71,118.27630615234375,0.8749081492424011,18.017868480725625,false
72,118.23771667480469,0.8756197094917297,18.271043083900228,false
73,118.20914459228516,0.8763549327850342,18.524331065759636,false
74,118.18395233154297,0.8764544725418091,18.777460317460317,true
75,118.14712524414062,0.8770959973335266,19.03031746031746,false
76,118.09249877929688,0.8778218626976013,19.283333333333335,false
77,118.03984069824219,0.8785380721092224,19.5365306122449,false
78,117.99156188964844,0.8792262077331543,19.78984126984127,false
79,117.9432601928711,0.8795232772827148,20.043310657596372,false
80,117.897705078125,0.8801142573356628,20.29698412698413,false
81,117.8577880859375,0.8802719712257385,20.55079365079365,false
82,117.81990051269531,0.8809470534324646,20.80471655328798,true
83,117.7837905883789,0.8816009759902954,21.058798185941043,false
84,117.75284576416016,0.8822423815727234,21.313356009070294,false
85,117.74273681640625,0.8828636407852173,21.567687074829934,false
86,117.71940612792969,0.883415937423706,21.8221768707483,false
87,117.70137023925781,0.875895619392395,22.07689342403628,false
88,117.69351196289062,0.8766222596168518,22.331882086167802,false
89,117.69816589355469,0.8773417472839355,22.586961451247166,false
90,117.70812225341797,0.8780601024627686,22.84185941043084,true
91,117.7105712890625,0.8787855505943298,23.096507936507937,false
92,117.70008850097656,0.8795033097267151,23.351156462585035,false
93,117.68892669677734,0.8802100419998169,23.60562358276644,false
94,117.66645050048828,0.8806314468383789,23.860340136054422,false
95,117.65484619140625,0.8813188672065735,24.115283446712017,false
96,117.65293884277344,0.8806471824645996,24.37045351473923,false
97,117.66327667236328,0.881337583065033,24.625736961451246,false
98,117.67989349365234,0.8820138573646545,24.880793650793652,true
99,117.68716430664062,0.8826728463172913,25.13562358276644,false
100,117.68315124511719,0.8833147883415222,25.39065759637188,false
101,117.68897247314453,0.8839362859725952,25.645850340136054,false
102,117.70389556884766,0.8785616755485535,25.90126984126984,false
103,117.73246765136719,0.8792887330055237,26.156621315192744,false
104,117.76019287109375,0.8800060749053955,26.41174603174603,false
105,117.77965545654297,0.8799562454223633,26.666757369614512,false
106,117.79560852050781,0.8802315592765808,26.92156462585034,true
107,117.80269622802734,0.8809434771537781,27.17637188208617,false
108,117.81122589111328,0.8808853626251221,27.431428571428572,false
109,117.8324203491211,0.8815913200378418,27.686394557823128,false
110,117.85191345214844,0.881878674030304,27.941179138321996,false
111,117.8644027709961,0.8825680017471313,28.19578231292517,false
112,117.86907958984375,0.8819015026092529,28.450362811791383,false
113,117.87249755859375,0.8825944066047668,28.70512471655329,false
114,117.88648986816406,0.8832710981369019,28.959795918367348,true
115,117.89688873291016,0.8839333057403564,29.214285714285715,false
116,117.89845275878906,0.8845769762992859,29.468707482993196,false
117,117.89683532714844,0.8852003812789917,29.72328798185941,false
118,117.90359497070312,0.8858007788658142,29.977755102040817,false
119,117.90565490722656,0.8863512873649597,30.232426303854876,false
120,117.91806030273438,0.8868978023529053,30.487165532879818,false
121,117.93513488769531,0.8874077200889587,30.741746031746032,false
122,117.94560241699219,0.886025071144104,30.996326530612244,true
123,117.95741271972656,0.878115177154541,31.251020408163264,false
124,117.97724151611328,0.8787847757339478,31.505238095238095,false
125,117.97402954101562,0.879439651966095,31.759297052154196,false
126,117.96255493164062,0.8800767064094543,32.0128798185941,false
127,117.92530059814453,0.8791301846504211,32.26684807256236,false
128,117.9035873413086,0.879763662815094,32.520816326530614,false
129,117.87994384765625,0.8792405128479004,32.775238095238095,false
130,117.87699127197266,0.8798556327819824,33.02984126984127,true
131,117.88314819335938,0.8733777403831482,33.28424036281179,false
132,117.87952423095703,0.874116837978363,33.53888888888889,false
133,117.88775634765625,0.8748487234115601,33.79319727891156,false
134,117.88008117675781,0.8755677342414856,34.0472335600907,false
135,117.8570785522461,0.8742657899856567,34.301746031746035,false
136,117.85591888427734,0.8742548823356628,34.55621315192744,false
137,117.85221099853516,0.8741275072097778,34.81090702947846,false
138,117.85929870605469,0.8749040961265564,35.06548752834467,true
139,117.8623046875,0.8756627440452576,35.31977324263038,false
140,117.8504867553711,0.8764322400093079,35.57419501133787,false
141,117.84349822998047,0.8771971464157104,35.82825396825397,false
142,117.81802368164062,0.8778324127197266,36.08253968253968,false
143,117.80145263671875,0.8785884380340576,36.337097505668936,false
144,117.796630859375,0.8793385028839111,36.5918820861678,false
145,117.80239868164062,0.8800811171531677,36.84687074829932,false
146,117.81958770751953,0.8808152675628662,37.10154195011338,true
147,117.8221664428711,0.8815397024154663,37.3559410430839,false
148,117.81124114990234,0.8822535276412964,37.610680272108844,false
149,117.81631469726562,0.8829543590545654,37.86530612244898,false
150,117.81631469726562,0.88129723072052,38.119795918367345,false
151,117.80891418457031,0.8820316791534424,38.37428571428571,false
152,117.80137634277344,0.8820358514785767,38.62916099773243,false
153,117.81288146972656,0.8827682733535767,38.88390022675737,false
154,117.8179931640625,0.8834905028343201,39.138390022675736,true
155,117.81095123291016,0.8841999173164368,39.3930612244898,false
156,117.8127212524414,0.8848975896835327,39.647891156462585,false
157,117.82278442382812,0.8855509161949158,39.903083900226754,false
158,117.85289764404297,0.8862184286117554,40.15866213151927,false
159,117.90625762939453,0.8868669271469116,40.41396825396826,false
160,117.95124816894531,0.8874696493148804,40.66879818594104,false
161,117.97720336914062,0.8880761861801147,40.923469387755105,false
162,117.9975814819336,0.8886570334434509,41.17770975056689,true
163,117.99803161621094,0.8891995549201965,41.431655328798186,false
164,117.98303985595703,0.8857342600822449,41.68507936507937,false
165,117.93991088867188,0.8863279819488525,41.9390022675737,false
166,117.91773986816406,0.8869004249572754,42.19319727891156,false
167,117.90708923339844,0.8874377608299255,42.447210884353744,false
168,117.8857192993164,0.8873960971832275,42.70074829931973,false
169,117.83702850341797,0.8865352869033813,42.95448979591837,false
170,117.79356384277344,0.8870236277580261,43.2087074829932,true
171,117.77050018310547,0.887474536895752,43.46321995464853,false
172,117.76009368896484,0.8792664408683777,43.71807256235827,false
173,117.76575469970703,0.8735176920890808,43.97253968253968,false
174,117.751953125,0.8742217421531677,44.2274149659864,false
175,117.75752258300781,0.8716859221458435,44.481972789115645,false
176,117.74716186523438,0.8724152445793152,44.7363492063492,false
177,117.7267074584961,0.8728450536727905,44.99077097505669,false
178,117.70603942871094,0.8730241656303406,45.24526077097506,true
179,117.6866683959961,0.8730117082595825,45.50011337868481,false
180,117.68376159667969,0.8737908601760864,45.75473922902494,false
181,117.66886901855469,0.8745683431625366,46.009727891156466,false
182,117.67095184326172,0.875064492225647,46.26430839002268,false
183,117.65306091308594,0.8758413791656494,46.51925170068027,false
184,117.65086364746094,0.8766146302223206,46.77390022675737,false
185,117.63427734375,0.8773835897445679,47.02875283446712,false
186,117.6259765625,0.8781477212905884,47.28356009070295,true
187,117.61479949951172,0.8789061903953552,47.538662131519274,false
188,117.61663818359375,0.8796582818031311,47.79371882086168,false
189,117.61663818359375,0.8804030418395996,48.048798185941045,false
190,117.61663818359375,0.8811395764350891,48.303877551020406,false
191,117.61663818359375,0.8818666934967041,48.558956916099774,false
192,117.61663818359375,0.8824002742767334,48.814036281179135,false
193,117.61663818359375,0.8830392956733704,49.0691156462585,false
194,117.61663818359375,0.8837370872497559,49.32419501133787,true
195,117.61664581298828,0.8844212889671326,49.57993197278912,false
196,117.65084838867188,0.8850502967834473,49.83571428571429,false
197,117.69126892089844,0.8857012987136841,50.09122448979592,false
198,117.72340393066406,0.8863328099250793,50.346485260770976,false
199,117.74616241455078,0.8807960152626038,50.60142857142857,false
200,117.7549819946289,0.8815457820892334,50.85612244897959,false
201,117.7520523071289,0.8822757601737976,51.110566893424036,false
202,117.73567199707031,0.8830086588859558,51.365419501133786,true
203,117.73823547363281,0.8826189041137695,51.62013605442177,false
204,117.73395538330078,0.8833558559417725,51.87473922902495,false
205,117.72323608398438,0.8840871453285217,52.129342403628115,false
206,117.71170806884766,0.8848077654838562,52.38424036281179,false
207,117.7146987915039,0.8855162262916565,52.639274376417234,false
208,117.72492980957031,0.8862105011940002,52.89424036281179,false
209,117.73221588134766,0.8851054310798645,53.14904761904762,false
210,117.73179626464844,0.8858180046081543,53.40385487528345,true
211,117.73180389404297,0.8861718773841858,53.659115646258506,false
212,117.75423431396484,0.88686603307724,53.91453514739229,false
213,117.78765869140625,0.8861385583877563,54.16945578231292,false
214,117.7993392944336,0.8867952227592468,54.42403628117914,false
215,117.79541015625,0.8874831199645996,54.678662131519275,false
216,117.79308319091797,0.8881163001060486,54.93310657596372,false
217,117.7816390991211,0.8886373043060303,55.18736961451247,false
218,117.75930786132812,0.8892748951911926,55.44149659863945,true
219,117.72801971435547,0.8864824175834656,55.695850340136055,false
220,117.70491790771484,0.8871708512306213,55.950362811791386,false
221,117.68692016601562,0.8878441452980042,56.205124716553286,false
222,117.679443359375,0.8884993195533752,56.45968253968254,false
223,117.66083526611328,0.8885133862495422,56.7144671201814,false
224,117.65191650390625,0.8891438841819763,56.96922902494331,false
225,117.64107513427734,0.889748215675354,57.22424036281179,false
226,117.64212036132812,0.8847073912620544,57.479455782312925,true
227,117.65354919433594,0.8854213356971741,57.73487528344671,false
228,117.6759262084961,0.8849891424179077,57.99045351473923,false
229,117.70880126953125,0.8857069611549377,58.245873015873016,false
230,117.73771667480469,0.8858932852745056,58.500952380952384,false
231,117.7523193359375,0.886599063873291,58.75600907029479,false
232,117.76705932617188,0.8872847557067871,59.01090702947846,false
233,117.7759017944336,0.8879570364952087,59.266009070294785,false
234,117.79638671875,0.888615071773529,59.52092970521542,true
235,117.80976867675781,0.8892514705657959,59.77607709750567,false
236,117.8358383178711,0.8891226649284363,60.03104308390023,false
237,117.85604095458984,0.8850834369659424,60.28573696145125,false
238,117.86373138427734,0.8839464783668518,60.54063492063492,false
239,117.8829574584961,0.8845107555389404,60.795374149659864,false
240,117.89630889892578,0.8852401971817017,61.04986394557823,false
241,117.89888763427734,0.8859676718711853,61.30424036281179,false
242,117.89555358886719,0.8867092728614807,61.55863945578231,true
243,117.89337158203125,0.8874408006668091,61.81312925170068,false
244,117.89505004882812,0.8881110548973083,62.067460317460316,false
245,117.88825225830078,0.8888165354728699,62.321995464852606,false
246,117.89178466796875,0.8887341618537903,62.5762358276644,false
247,117.88105010986328,0.8885155916213989,62.830725623582765,false
248,117.88175201416016,0.8892278671264648,63.08514739229025,false
249,117.87922668457031,0.8898909091949463,63.33984126984127,false
250,117.8900375366211,0.8905742168426514,63.59424036281179,true
251,117.88700866699219,0.8912398815155029,63.84843537414966,false
252,117.87274169921875,0.8918725848197937,64.10301587301588,false
253,117.87649536132812,0.8903888463973999,64.35732426303855,false
254,117.86746978759766,0.8891197443008423,64.61124716553287,false
255,117.83686065673828,0.8898221850395203,64.86537414965986,false
256,117.81379699707031,0.8904454708099365,65.11925170068027,false
257,117.77489471435547,0.891116201877594,65.37346938775511,false
258,117.74992370605469,0.8916501402854919,65.62784580498867,true
259,117.730224609375,0.8922849297523499,65.88204081632654,false
260,117.69823455810547,0.8928860425949097,66.13659863945578,false
261,117.68209075927734,0.8934590816497803,66.39090702947846,false
262,117.65153503417969,0.8939692974090576,66.64487528344671,false
263,117.60001373291016,0.893996000289917,66.89911564625851,false
264,117.5561752319336,0.8944874405860901,67.15362811791383,false
265,117.52124786376953,0.8927134275436401,67.40854875283446,false
266,117.50337219238281,0.8930294513702393,67.66374149659863,true
267,117.49835205078125,0.8900441527366638,67.9192290249433,false
268,117.50730895996094,0.8905649185180664,68.17433106575963,false
269,117.49711608886719,0.8865208625793457,68.42984126984128,false
270,117.5068359375,0.8844863772392273,68.68526077097506,false
271,117.51349639892578,0.88509202003479,68.94045351473923,false
272,117.50939178466797,0.8855862617492676,69.19571428571429,false
273,117.50798034667969,0.8861604332923889,69.45113378684808,false
274,117.51436614990234,0.8806817531585693,69.70662131519275,true
275,117.52519226074219,0.8810809254646301,69.96197278911565,false
276,117.53038024902344,0.8817467093467712,70.21705215419502,false
277,117.52233123779297,0.8823807835578918,70.47183673469388,false
278,117.4985122680664,0.8826481699943542,70.72628117913833,false
279,117.45433807373047,0.8826799392700195,70.98063492063493,false
280,117.40045166015625,0.8829482197761536,71.23530612244897,false
281,117.35688018798828,0.8833194971084595,71.49022675736961,false
282,117.3211898803711,0.8828132152557373,71.74539682539682,true
283,117.29411315917969,0.883277952671051,72.0007709750567,false
284,117.27467346191406,0.8838241100311279,72.25582766439909,false
285,117.23636627197266,0.8843438625335693,72.5111111111111,false
286,117.20634460449219,0.8843331336975098,72.76621315192743,false
287,117.1632308959961,0.8825691938400269,73.0214739229025,false
288,117.1229248046875,0.8830366730690002,73.27698412698413,false
289,117.09172058105469,0.8776269555091858,73.53281179138322,false
290,117.07278442382812,0.8713862895965576,73.78875283446712,true
291,117.05709838867188,0.8720272779464722,74.04498866213152,false
292,117.05562591552734,0.8726486563682556,74.30138321995464,false
293,117.061279296875,0.8691847324371338,74.5575283446712,false
294,117.05516815185547,0.8698775768280029,74.81371882086168,false
295,117.05057525634766,0.8705672025680542,75.06988662131519,false
296,117.04436492919922,0.8659471273422241,75.32589569160997,false
297,117.02937316894531,0.8666550517082214,75.5817006802721,false
298,117.0023422241211,0.8674262762069702,75.83761904761904,true
299,116.978271484375,0.8681954145431519,76.09371882086168,false
300,116.96028900146484,0.8689621090888977,76.34963718820862,false
301,116.93113708496094,0.8697174787521362,76.60551020408164,false
302,116.89663696289062,0.8704779148101807,76.86156462585033,false
303,116.86819458007812,0.8711219429969788,77.11777777777777,false
304,116.84392547607422,0.8714902400970459,77.37374149659864,false
305,116.80390930175781,0.8722476363182068,77.6297052154195,false
306,116.76023864746094,0.872980535030365,77.88603174603175,true
307,116.72962951660156,0.8737279772758484,78.14226757369615,false
308,116.69166564941406,0.8744693398475647,78.39875283446712,false
309,116.66227722167969,0.875203549861908,78.65539682539682,false
310,116.63671875,0.8759297728538513,78.91201814058957,false
311,116.60807800292969,0.8766468167304993,79.16895691609977,false
312,116.59233856201172,0.8773535490036011,79.42605442176871,false
313,116.58234405517578,0.8780487179756165,79.68337868480725,false
314,116.5826187133789,0.8787305355072021,79.94052154195012,true
315,116.573974609375,0.8792341947555542,80.19757369614513,false
316,116.55923461914062,0.8780205249786377,80.45451247165533,false
317,116.53712463378906,0.8783476948738098,80.71122448979592,false
318,116.50119018554688,0.8784569501876831,80.96784580498866,false
319,116.45721435546875,0.8788034319877625,81.22462585034013,false
320,116.415771484375,0.879310667514801,81.48154195011338,false
321,116.37689208984375,0.875405490398407,81.73854875283446,false
322,116.33895874023438,0.8761528134346008,81.99573696145124,true
323,116.30508422851562,0.876893162727356,82.25283446712018,false
324,116.26301574707031,0.8776247501373291,82.51009070294785,false
325,116.22389221191406,0.878292977809906,82.76757369614512,false
326,116.19264221191406,0.8790079951286316,83.02521541950114,false
327,116.16525268554688,0.8797118067741394,83.28294784580498,false
328,116.13998413085938,0.8804031014442444,83.54083900226757,false
329,116.11976623535156,0.8810803294181824,83.79888888888888,false
330,116.10501098632812,0.8817417025566101,84.05714285714286,true
331,116.09860229492188,0.876922070980072,84.31528344671202,false
332,116.08589935302734,0.8776820302009583,84.57353741496598,false
333,116.0779037475586,0.8780649900436401,84.83192743764172,false
334,116.0752944946289,0.8787822723388672,85.09024943310658,false
335,116.06875610351562,0.8795328736305237,85.34857142857143,false
336,116.06216430664062,0.8802760243415833,85.60691609977324,false
337,116.055908203125,0.8810107111930847,85.86526077097506,false
338,116.04930114746094,0.881570041179657,86.1237641723356,true
339,116.04946899414062,0.8784447908401489,86.38240362811791,false
340,116.0560073852539,0.8792493343353271,86.64102040816327,false
341,116.06246948242188,0.8800522685050964,86.8997052154195,false
342,116.07349395751953,0.8808532357215881,87.15827664399093,false
343,116.07960510253906,0.881651759147644,87.41673469387756,false
344,116.08036804199219,0.8824474215507507,87.67519274376417,false
345,116.08191680908203,0.8832396864891052,87.93362811791383,false
346,116.08191680908203,0.8840279579162598,88.1920634920635,true
347,116.08191680908203,0.8848116397857666,88.45049886621315,false
348,116.08191680908203,0.8855900764465332,88.70893424036281,false
349,116.08191680908203,0.8863623738288879,88.96736961451248,false
350,116.0819091796875,0.8871278166770935,89.22580498866213,false
351,116.0817642211914,0.8878853917121887,89.48424036281179,false
352,116.0817642211914,0.8886340856552124,89.74269841269842,false
353,116.0817642211914,0.889372706413269,90.00115646258503,false
354,116.08177947998047,0.8901000022888184,90.25961451247166,true
355,116.08177947998047,0.8908145427703857,90.51780045351474,false
356,116.06876373291016,0.8914880156517029,90.77614512471655,false
357,116.06311798095703,0.8921729922294617,91.03428571428572,false
358,116.0461654663086,0.8878685235977173,91.29242630385488,false
359,116.02825164794922,0.8886662125587463,91.55072562358276,false
360,116.0163803100586,0.8894579410552979,91.80895691609977,false
361,115.99925231933594,0.890245258808136,92.06739229024943,false
362,115.9906005859375,0.8910262584686279,92.32580498866213,true
363,115.98002624511719,0.8914797306060791,92.58426303854876,false
364,115.97021484375,0.892254114151001,92.84278911564626,false
365,115.9627685546875,0.8930215239524841,93.10111111111111,false
366,115.94461822509766,0.8937796950340271,93.35961451247165,false
367,115.93303680419922,0.8945273756980896,93.61804988662132,false
368,115.91646575927734,0.8952568173408508,93.87632653061225,false
369,115.89009094238281,0.8942672610282898,94.13480725623583,false
370,115.87199401855469,0.8947007060050964,94.3934693877551,true
371,115.86054992675781,0.8952339887619019,94.65204081632653,false
372,115.8430404663086,0.8958828449249268,94.91045351473923,false
373,115.8161392211914,0.8966392278671265,95.16859410430838,false
374,115.77189636230469,0.8973846435546875,95.42684807256236,false
375,115.7286148071289,0.8981173634529114,95.68537414965986,false
376,115.69388580322266,0.8988351821899414,95.94412698412698,false
377,115.66686248779297,0.8988702893257141,96.20331065759638,false
378,115.65837097167969,0.8995780348777771,96.4627664399093,true
379,115.66201782226562,0.9002688527107239,96.72244897959183,false
380,115.67790985107422,0.9009402394294739,96.9819954648526,false
381,115.68855285644531,0.8979771137237549,97.24131519274377,false
382,115.68901824951172,0.8987314105033875,97.5002947845805,false
383,115.67312622070312,0.8994736075401306,97.75954648526077,false
384,115.66888427734375,0.9001991152763367,98.01893424036281,false
385,115.67083740234375,0.9008371233940125,98.2781179138322,false
386,115.66253662109375,0.9015362858772278,98.53739229024943,true
387,115.65817260742188,0.8985198736190796,98.79691609977324,false
388,115.66545104980469,0.8993123769760132,99.05632653061224,false
389,115.6685562133789,0.9000967144966125,99.31557823129252,false
390,115.66374969482422,0.900871753692627,99.57501133786847,false
391,115.66685485839844,0.9016364216804504,99.83433106575964,false
392,115.66477966308594,0.9023892879486084,100.09369614512471,false
393,115.6655044555664,0.903128981590271,100.35306122448979,false
394,115.6655044555664,0.9037907123565674,100.61242630385487,true
395,115.6655044555664,0.9045014977455139,100.87179138321996,false
396,115.6655044555664,0.9051940441131592,101.13115646258504,false
397,115.66551971435547,0.9055035710334778,101.39,false
398,115.63948059082031,0.9060478806495667,101.64886621315193,false
399,115.6124496459961,0.9066922664642334,101.9075963718821,false
400,115.57484436035156,0.9070572853088379,102.16632653061224,false
401,115.53407287597656,0.9076565504074097,102.4254648526077,false
402,115.50868225097656,0.9082242846488953,102.68478458049887,true
403,115.48995971679688,0.9087567329406738,102.94448979591837,false
404,115.48726654052734,0.9092202186584473,103.20442176870748,false
405,115.4961929321289,0.9096698760986328,103.46467120181406,false
406,115.52167510986328,0.9051873087882996,103.72519274376417,false
407,115.56259155273438,0.9042632579803467,103.98553287981859,false
408,115.5998764038086,0.904796302318573,104.24560090702948,false
409,115.62736511230469,0.9018012285232544,104.50521541950113,false
410,115.6357421875,0.9012924432754517,104.76458049886621,true
411,115.63298034667969,0.901930570602417,105.02390022675738,false
412,115.62798309326172,0.9025424718856812,105.2830612244898,false
413,115.61430358886719,0.9031262397766113,105.5419954648526,false
414,115.58805847167969,0.9036777019500732,105.80104308390023,false
415,115.56361389160156,0.9041931629180908,106.06020408163265,false
416,115.54296875,0.9046680927276611,106.31961451247166,false
417,115.53205108642578,0.9050970673561096,106.57938775510205,false
418,115.53814697265625,0.8978302478790283,106.83931972789115,true
419,115.55211639404297,0.898431122303009,107.09907029478458,false
420,115.55931091308594,0.8939476013183594,107.35866213151927,false
421,115.55966186523438,0.8946571350097656,107.61814058956917,false
422,115.55427551269531,0.893899142742157,107.87727891156463,false
423,115.53067016601562,0.8935524821281433,108.13637188208617,false
424,115.50239562988281,0.8942999243736267,108.39571428571429,false
425,115.48363494873047,0.8950357437133789,108.65512471655329,false
426,115.46593475341797,0.895758330821991,108.91485260770975,true
427,115.46224975585938,0.8964043259620667,109.17478458049887,false
428,115.46836853027344,0.8970927000045776,109.43501133786847,false
429,115.48992156982422,0.8977680206298828,109.69521541950114,false
430,115.51220703125,0.8983106017112732,109.95555555555555,false
431,115.54395294189453,0.8989464640617371,110.21562358276644,false
432,115.56546020507812,0.8990108370780945,110.47532879818594,false
433,115.57122802734375,0.898244321346283,110.73476190476191,false
434,115.5647201538086,0.8988649845123291,110.9938775510204,true
435,115.5414810180664,0.8985067009925842,111.25274376417234,false
436,115.5033187866211,0.8991001844406128,111.51185941043084,false
437,115.4727783203125,0.8996679186820984,111.77079365079365,false
438,115.4301528930664,0.9002013206481934,112.02990929705216,false
439,115.39242553710938,0.900698721408844,112.28938775510204,false
440,115.367919921875,0.9011543989181519,112.5491156462585,false
441,115.35307312011719,0.9015631079673767,112.80909297052155,false
442,115.34912109375,0.8955171704292297,113.0692970521542,true
443,115.3552474975586,0.8960376381874084,113.3298866213152,false
444,115.3817138671875,0.894354522228241,113.59063492063493,false
445,115.41840362548828,0.8947992920875549,113.85111111111111,false
446,115.446044921875,0.8945828080177307,114.11163265306122,false
447,115.47918701171875,0.8904328942298889,114.37215419501133,false
448,115.51542663574219,0.8909811973571777,114.63233560090703,false
449,115.5391616821289,0.8915051817893982,114.89226757369615,false
450,115.55371856689453,0.8915532231330872,115.15192743764172,true
451,115.55675506591797,0.8920141458511353,115.41140589569162,false
452,115.55081176757812,0.8924312591552734,115.67074829931973,false
453,115.53694152832031,0.8892894983291626,115.93038548752834,false
454,115.53697204589844,0.8829904198646545,116.18977324263038,false
455,115.52423858642578,0.8835501074790955,116.44945578231292,false
456,115.52439880371094,0.8804619908332825,116.70936507936509,false
457,115.5365219116211,0.8809313774108887,116.96918367346939,false
458,115.5449447631836,0.8814996480941772,117.22891156462585,true
459,115.54966735839844,0.8820315599441528,117.48866213151928,false
460,115.55583953857422,0.8821499347686768,117.74816326530612,false
461,115.551025390625,0.8744853734970093,118.0078231292517,false
462,115.55375671386719,0.875115156173706,118.26789115646258,false
463,115.57601928710938,0.8757396936416626,118.52802721088436,false
464,115.60400390625,0.8763439059257507,118.78789115646258,false
465,115.62232971191406,0.8768508434295654,119.0475283446712,false
466,115.63134765625,0.8774084448814392,119.30721088435374,true
467,115.64385223388672,0.8779371976852417,119.56716553287981,false
468,115.67047119140625,0.8784105777740479,119.8273469387755,false
469,115.7114028930664,0.8788695335388184,120.08727891156462,false
470,115.74463653564453,0.8779016733169556,120.34693877551021,false
471,115.76815032958984,0.8673059344291687,120.60646258503401,false
472,115.7875747680664,0.8679088354110718,120.86571428571429,false
473,115.79576110839844,0.8681557178497314,121.12469387755102,false
474,115.7918701171875,0.8687213659286499,121.38340136054421,true
475,115.7739486694336,0.8583729863166809,121.64183673469388,false
476,115.74005889892578,0.8590752482414246,121.90027210884354,false
477,115.70259857177734,0.8597791790962219,122.15891156462585,false
478,115.67057800292969,0.8604757189750671,122.4178231292517,false
479,115.64923095703125,0.8610069751739502,122.6770068027211,false
480,115.6386947631836,0.8613314032554626,122.93628117913832,false
481,115.63142395019531,0.8590629696846008,123.19582766439909,false
482,115.63726806640625,0.8596070408821106,123.45553287981859,true
483,115.65156555175781,0.8603072762489319,123.7150566893424,false
484,115.65843200683594,0.8609734177589417,123.97428571428571,false
485,115.6512451171875,0.8585687875747681,124.2337641723356,false
486,115.65567016601562,0.8593137264251709,124.49310657596372,false
487,115.65418243408203,0.8600014448165894,124.75215419501134,false
488,115.6375503540039,0.8607410192489624,125.01145124716554,false
489,115.63177490234375,0.8608312606811523,125.27052154195012,false
490,115.61428833007812,0.8615739345550537,125.52972789115647,true
491,115.60124969482422,0.8617554903030396,125.78909297052154,false
492,115.59458923339844,0.8624985218048096,126.04827664399093,false
493,115.57803344726562,0.8632394075393677,126.3075283446712,false
494,115.56279754638672,0.8633007407188416,126.56696145124717,false
495,115.55504608154297,0.8640434741973877,126.8265306122449,false
496,115.552978515625,0.864726185798645,127.0859410430839,false
497,115.54360961914062,0.8654623627662659,127.34555555555555,false
498,115.5429458618164,0.8661932349205017,127.60528344671202,true
499,115.5477066040039,0.8669179677963257,127.86487528344671,false
500,115.54674530029297,0.8676357269287109,128.1246485260771,false
501,115.553955078125,0.8683426976203918,128.38426303854877,false
502,115.5537338256836,0.8690140843391418,128.6438775510204,false
503,115.5537338256836,0.8696163296699524,128.90349206349205,false
504,115.5537338256836,0.8690385222434998,129.16331065759638,false
505,115.56385040283203,0.8697300553321838,129.42326530612246,false
506,115.58206939697266,0.8703733682632446,129.68281179138322,true
507,115.58173370361328,0.8710466623306274,129.94263038548752,false
508,115.59469604492188,0.8717063069343567,130.20197278911564,false
509,115.58587646484375,0.8681036829948425,130.46151927437643,false
510,115.5866470336914,0.8688190579414368,130.7208163265306,false
511,115.57475280761719,0.8695260286331177,130.98031746031745,false
512,115.57180786132812,0.8701409697532654,131.23993197278912,false
513,115.57376861572266,0.870769739151001,131.49936507936508,false
514,115.56689453125,0.8714473247528076,131.75909297052155,true
515,115.573974609375,0.8721112608909607,132.01900226757368,false
516,115.59136962890625,0.8695892691612244,132.27875283446713,false
517,115.60252380371094,0.8702890276908875,132.53814058956917,false
518,115.59736633300781,0.8691815137863159,132.7978684807256,false
519,115.60807037353516,0.8694491386413574,133.0577097505669,false
520,115.62590026855469,0.870162308216095,133.31730158730159,false
521,115.63307189941406,0.8708685636520386,133.57668934240363,false
522,115.63045501708984,0.8715646266937256,133.8363038548753,true
523,115.63896942138672,0.8709109425544739,134.0957596371882,false
524,115.64054870605469,0.8716102838516235,134.3549433106576,false
525,115.62894439697266,0.8723005056381226,134.61439909297053,false
526,115.63018798828125,0.8724740743637085,134.8739455782313,false
527,115.63587951660156,0.873112142086029,135.13333333333333,false
528,115.63414764404297,0.873774528503418,135.39256235827665,false
529,115.62483215332031,0.8744212985038757,135.6521768707483,false
530,115.63304138183594,0.8688859939575195,135.91167800453513,true
531,115.63679504394531,0.8696284294128418,136.17095238095237,false
532,115.62902069091797,0.8703650832176208,136.4305215419501,false
533,115.6357192993164,0.8705874085426331,136.6902947845805,false
534,115.65322875976562,0.8713070750236511,136.9498185941043,false
535,115.65959167480469,0.8720336556434631,137.20945578231292,false
536,115.67268371582031,0.8727518320083618,137.46931972789116,false
537,115.69892883300781,0.8731207847595215,137.7290022675737,false
538,115.71886444091797,0.8735615015029907,137.98832199546484,true
539,115.72242736816406,0.8742626905441284,138.2480045351474,false
540,115.74536895751953,0.8725391626358032,138.50780045351473,false
541,115.77627563476562,0.8732662796974182,138.76736961451246,false
542,115.79924011230469,0.8739901185035706,139.0272335600907,false
543,115.83908081054688,0.874704122543335,139.28678004535146,false
544,115.86751556396484,0.8754090666770935,139.54598639455781,false
545,115.88259887695312,0.8759780526161194,139.8049433106576,false
546,115.88645935058594,0.8765005469322205,140.0642403628118,true
547,115.90779113769531,0.8762953877449036,140.32365079365078,false
548,115.937744140625,0.8769744634628296,140.5827664399093,false
549,115.95614624023438,0.87763911485672,140.84174603174603,false
550,115.96993255615234,0.8782874345779419,141.1004761904762,false
551,115.97238159179688,0.8780066967010498,141.35943310657598,false
552,115.98661804199219,0.8786382675170898,141.61816326530612,false
553,115.991455078125,0.8792495727539062,141.87714285714284,false
554,116.00838470458984,0.8798381090164185,142.13625850340136,true
555,116.03428649902344,0.8769076466560364,142.39514739229026,false
556,116.0517578125,0.877527117729187,142.6536507936508,false
557,116.05166625976562,0.8781252503395081,142.91215419501134,false
558,116.05166625976562,0.8786994218826294,143.170589569161,false
559,116.04816436767578,0.879246711730957,143.42902494331065,false
560,116.04431915283203,0.8797638416290283,143.68755102040816,false
561,116.04476928710938,0.8671095967292786,143.9460544217687,false
562,116.04476928710938,0.8678466081619263,144.20458049886622,true
563,116.04476928710938,0.868577778339386,144.46319727891157,false
564,116.04922485351562,0.8689775466918945,144.72195011337868,false
565,116.06129455566406,0.8696982264518738,144.98038548752834,false
566,116.05914306640625,0.8704139590263367,145.238820861678,false
567,116.05724334716797,0.8711190819740295,145.49750566893425,false
568,116.0669937133789,0.871757447719574,145.7560544217687,false
569,116.07090759277344,0.8724445104598999,146.01421768707482,false
570,116.05622100830078,0.873119056224823,146.27267573696145,true
571,116.05509185791016,0.8737795352935791,146.53126984126985,false
572,116.06013488769531,0.8744242191314697,146.78950113378684,false
573,116.04840850830078,0.8743917942047119,147.04807256235827,false
574,116.0513916015625,0.8748727440834045,147.3065759637188,false
575,116.05138397216797,0.8754775524139404,147.56510204081633,false
576,116.05237579345703,0.876059889793396,147.82362811791384,false
577,116.05387115478516,0.8766170144081116,148.082358276644,false
578,116.06573486328125,0.8771458864212036,148.34136054421768,true
579,116.09231567382812,0.8672463297843933,148.60006802721088,false
580,116.10751342773438,0.8675897121429443,148.85861678004534,false
581,116.11686706542969,0.8682712912559509,149.11696145124716,false
582,116.11686706542969,0.8689408302307129,149.37501133786847,false
583,116.10102844238281,0.8695968985557556,149.63308390022675,false
584,116.08499908447266,0.8642181158065796,149.89115646258503,false
585,116.0675048828125,0.8649599552154541,150.1494557823129,false
586,116.06000518798828,0.865492045879364,150.4075283446712,true
587,116.04015350341797,0.866226077079773,150.66587301587302,false
588,116.03193664550781,0.8667290806770325,150.9240589569161,false
589,116.01455688476562,0.8673640489578247,151.18233560090704,false
590,115.99958801269531,0.8680875301361084,151.44068027210884,false
591,115.98670196533203,0.8679885864257812,151.69875283446711,false
592,115.95791625976562,0.8687121272087097,151.95702947845805,false
593,115.93656921386719,0.8694287538528442,152.2155782312925,false
594,115.92621612548828,0.8701368570327759,152.4744671201814,true
595,115.93157196044922,0.8708354234695435,152.7332879818594,false
596,115.93437194824219,0.8714953660964966,152.99226757369615,false
597,115.94510650634766,0.8701443076133728,153.2515873015873,false
598,115.97452545166016,0.8708497881889343,153.51111111111112,false
599,116.01741027832031,0.8715451955795288,153.77034013605441,false
600,116.05048370361328,0.8720738291740417,154.0292970521542,false
601,116.07308197021484,0.8726811408996582,154.28784580498865,false
602,116.0776138305664,0.8733433485031128,154.5465306122449,true
603,116.09034729003906,0.8739900588989258,154.80551020408163,false
604,116.11865234375,0.8708591461181641,155.06433106575963,false
605,116.14220428466797,0.871550977230072,155.32337868480727,false
606,116.17974090576172,0.868573009967804,155.58215419501133,false
607,116.2082290649414,0.8693159818649292,155.84079365079364,false
608,116.23310852050781,0.8700538277626038,156.09925170068027,false
609,116.2514877319336,0.8707852959632874,156.35755102040815,false
610,116.26351165771484,0.8715031147003174,156.61609977324264,true
611,116.28945922851562,0.8721625804901123,156.87451247165532,false
612,116.31233215332031,0.8697055578231812,157.13267573696146,false
613,116.32476043701172,0.8704709410667419,157.39095238095237,false
614,116.3437728881836,0.8712328672409058,157.64904761904762,false
615,116.35596466064453,0.8719907999038696,157.90675736961452,false
616,116.35043334960938,0.8726532459259033,158.1641723356009,false
617,116.32991790771484,0.8734031319618225,158.42181405895693,false
618,116.31848907470703,0.8741461038589478,158.67972789115646,true
619,116.31885528564453,0.8748403787612915,158.9375283446712,false
620,116.31327819824219,0.8755195140838623,159.19532879818595,false
621,116.3082046508789,0.8739269375801086,159.4533560090703,false
622,116.31368255615234,0.8746834993362427,159.71136054421768,false
623,116.31834411621094,0.8754461407661438,159.96963718820862,false
624,116.33721923828125,0.8762036561965942,160.22766439909296,false
625,116.34612274169922,0.8767645359039307,160.48600907029478,false
626,116.37190246582031,0.8775142431259155,160.74414965986395,true
627,116.38951110839844,0.878256618976593,161.00208616780046,false
628,116.39927673339844,0.8789913654327393,161.25990929705216,false
629,116.40412902832031,0.8797152638435364,161.51757369614512,false
630,116.40172576904297,0.880425214767456,161.7750566893424,false
631,116.38941192626953,0.8802428245544434,162.0325396825397,false
632,116.37608337402344,0.8809568285942078,162.29034013605443,false
633,116.37718963623047,0.8816590905189514,162.54802721088436,false
634,116.37301635742188,0.8782152533531189,162.80530612244897,true
635,116.34773254394531,0.878993809223175,163.06285714285715,false
636,116.3331527709961,0.8797680735588074,163.32061224489797,false
637,116.32754516601562,0.8798226714134216,163.57834467120182,false
638,116.32010650634766,0.8806043863296509,163.83612244897958,false
639,116.31379699707031,0.8813811540603638,164.09378684807257,false
640,116.30094146728516,0.8821532130241394,164.35133786848073,false
641,116.28138732910156,0.8829185366630554,164.60897959183674,false
642,116.2638931274414,0.8836784362792969,164.86614512471655,true
643,116.22028350830078,0.8843916058540344,165.12331065759636,false
644,116.17230224609375,0.8851364850997925,165.38072562358278,false
645,116.13221740722656,0.8858717679977417,165.63839002267574,false
646,116.09950256347656,0.8865818977355957,165.89632653061224,false
647,116.07713317871094,0.8872947096824646,166.15419501133786,false
648,116.04872131347656,0.8879939913749695,166.4124716553288,false
649,116.03756713867188,0.8886780142784119,166.67090702947846,false
650,116.032958984375,0.8893449306488037,166.92920634920634,true
651,116.02165985107422,0.8899926543235779,167.18721088435373,false
652,115.99327850341797,0.8898825645446777,167.44521541950112,false
653,115.96174621582031,0.8877196311950684,167.70321995464852,false
654,115.9276351928711,0.8883969783782959,167.96138321995466,false
655,115.8978042602539,0.8890623450279236,168.21943310657596,false
656,115.8579330444336,0.8896995186805725,168.47748299319727,false
657,115.81365203857422,0.8902390003204346,168.735873015873,false
658,115.78211212158203,0.8886620998382568,168.99437641723355,true
659,115.75276947021484,0.8890267014503479,169.2525850340136,false
660,115.7050552368164,0.8896548748016357,169.51054421768708,false
661,115.63931274414062,0.8896183371543884,169.76904761904763,false
662,115.59346771240234,0.8877118825912476,170.02786848072563,false
663,115.55841064453125,0.881833016872406,170.2869387755102,false
664,115.53236389160156,0.8826354742050171,170.54628117913833,false
665,115.5173568725586,0.8834352493286133,170.8056009070295,false
666,115.49882507324219,0.8842316269874573,171.0652380952381,true
667,115.49383544921875,0.8850241899490356,171.32498866213152,false
668,115.49424743652344,0.885812520980835,171.58467120181405,false
669,115.49075317382812,0.8865953087806702,171.8443537414966,false
670,115.48783111572266,0.8873008489608765,172.10426303854877,false
671,115.49591064453125,0.8880738019943237,172.3637188208617,false
672,115.48201751708984,0.8876615762710571,172.62272108843538,false
673,115.44347381591797,0.8883740901947021,172.8818820861678,false
674,115.40924072265625,0.8891600370407104,173.1415192743764,true
675,115.39505004882812,0.8899428248405457,173.40151927437643,false
676,115.39704132080078,0.890718936920166,173.6614739229025,false
677,115.3963623046875,0.8914873600006104,173.9215873015873,false
678,115.40423583984375,0.8922470211982727,174.18138321995465,false
679,115.39698028564453,0.8929961919784546,174.44086167800452,false
680,115.37258911132812,0.8936906456947327,174.7006349206349,false
681,115.3603744506836,0.8943600058555603,174.96002267573695,false
682,115.32817840576172,0.8950759172439575,175.21927437641725,true
683,115.2855224609375,0.8957143425941467,175.47886621315192,false
684,115.25436401367188,0.896196186542511,175.73888888888888,false
685,115.24201202392578,0.8968536257743835,175.99927437641725,false
686,115.24552154541016,0.8975069522857666,176.25995464852608,false
687,115.2638168334961,0.8981367945671082,176.520589569161,false
688,115.28169250488281,0.8987419605255127,176.78149659863945,false
689,115.31571197509766,0.8993184566497803,177.04219954648525,false
690,115.34286499023438,0.8998628854751587,177.30260770975056,true
691,115.35877990722656,0.900371253490448,177.56283446712018,false
692,115.36788940429688,0.9007887840270996,177.82272108843537,false
693,115.3606948852539,0.8994985222816467,178.08242630385487,false
694,115.34402465820312,0.8916345834732056,178.341768707483,false
695,115.30732727050781,0.8920038938522339,178.6013605442177,false
696,115.2790756225586,0.8919044137001038,178.86138321995466,false
697,115.26866912841797,0.8925578594207764,179.12174603174603,false
698,115.27397155761719,0.8931903839111328,179.38242630385488,true
699,115.29621124267578,0.8937987685203552,179.64319727891157,false
700,115.32493591308594,0.8943763971328735,179.90360544217688,false
701,115.33908081054688,0.8942174315452576,180.16367346938776,false
702,115.33751678466797,0.8947162628173828,180.42353741496598,false
703,115.32572937011719,0.8935663104057312,180.6829931972789,false
704,115.29264831542969,0.8861914277076721,180.94278911564626,false
705,115.27316284179688,0.8862847089767456,181.20283446712017,false
706,115.26325988769531,0.8869585394859314,181.46303854875285,true
707,115.26080322265625,0.8871773481369019,181.7236507936508,false
708,115.27816772460938,0.8877873420715332,181.9844671201814,false
709,115.30694580078125,0.8884962797164917,182.24532879818594,false
710,115.341552734375,0.889191210269928,182.50603174603174,false
711,115.37138366699219,0.8898701071739197,182.7662358276644,false
712,115.38029479980469,0.8905308842658997,183.02628117913832,false
713,115.3821792602539,0.8911464214324951,183.2860544217687,false
714,115.37177276611328,0.8917352557182312,183.54557823129252,true
715,115.34688568115234,0.8901268839836121,183.80489795918368,false
716,115.3096923828125,0.8849992156028748,184.06392290249434,false
717,115.25396728515625,0.8856145739555359,184.3233560090703,false
718,115.21240997314453,0.8857680559158325,184.58312925170068,false
719,115.18254852294922,0.8864971995353699,184.84340136054422,false
720,115.17410278320312,0.8872809410095215,185.10378684807256,false
721,115.17066955566406,0.8880587816238403,185.3641723356009,false
722,115.16617584228516,0.8888297080993652,185.62439909297052,true
723,115.15313720703125,0.8895930051803589,185.8844671201814,false
724,115.13082885742188,0.8903473019599915,186.1443537414966,false
725,115.09795379638672,0.8910920023918152,186.40433106575964,false
726,115.06607818603516,0.8918256163597107,186.66419501133788,false
727,115.02505493164062,0.8925454616546631,186.92380952380952,false
728,114.96709442138672,0.893234133720398,187.18374149659863,false
729,114.9178466796875,0.8934805989265442,187.44392290249434,false
730,114.87542724609375,0.8940427303314209,187.70433106575965,true
731,114.83973693847656,0.8926802277565002,187.9645804988662,false
732,114.7916259765625,0.8934004902839661,188.2253514739229,false
733,114.76414489746094,0.8929125666618347,188.48650793650793,false
734,114.75215911865234,0.8928143978118896,188.74816326530612,false
735,114.7637939453125,0.8932214379310608,189.01009070294785,false
736,114.7896728515625,0.8939558267593384,189.27249433106576,false
737,114.84124755859375,0.8946813941001892,189.53482993197278,false
738,114.895263671875,0.895393967628479,189.7967573696145,true
739,114.93608093261719,0.8960905075073242,190.05836734693878,false
740,114.96585845947266,0.8967700600624084,190.31961451247165,false
741,114.98057556152344,0.8974298238754272,190.58056689342405,false
742,114.9833984375,0.8980669975280762,190.84126984126985,false
743,114.97382354736328,0.8986760377883911,191.10179138321996,false
744,114.95460510253906,0.8982695937156677,191.36190476190475,false
745,114.91316986083984,0.8931204676628113,191.62179138321994,false
746,114.85575103759766,0.8938565850257874,191.88201814058957,true
747,114.80821990966797,0.8945913910865784,192.14269841269842,false
748,114.77806854248047,0.8953188061714172,192.4036961451247,false
749,114.76071166992188,0.8960321545600891,192.66507936507938,false
750,114.7598876953125,0.8967296481132507,192.92650793650793,false
751,114.76119995117188,0.8974088430404663,193.18777777777777,false
752,114.75481414794922,0.8980578780174255,193.44861678004534,false
753,114.72709655761719,0.8975132703781128,193.70965986394557,false
754,114.70608520507812,0.8939874172210693,193.97043083900226,true
755,114.66899108886719,0.8923885226249695,194.2315192743764,false
756,114.64329528808594,0.8931496143341064,194.492947845805,false
757,114.63186645507812,0.8939855098724365,194.7545804988662,false
758,114.6292724609375,0.8948222398757935,195.01655328798185,false
759,114.64225769042969,0.8956565856933594,195.27850340136055,false
760,114.6555404663086,0.8964880108833313,195.54031746031745,false
761,114.66336822509766,0.8973160982131958,195.8019501133787,false
762,114.66407775878906,0.8981400728225708,196.06319727891156,true
763,114.64547729492188,0.8989596366882324,196.32430839002268,false
764,114.61823272705078,0.899770975112915,196.58526077097505,false
765,114.58076477050781,0.9005182385444641,196.84650793650795,false
766,114.55357360839844,0.9013215899467468,197.10755102040815,false
767,114.51315307617188,0.9021177291870117,197.36891156462585,false
768,114.4839859008789,0.902905285358429,197.63018140589568,false
769,114.44627380371094,0.9036806225776672,197.89174603174604,false
770,114.41942596435547,0.9042273163795471,198.15362811791383,true
771,114.40453338623047,0.9049908518791199,198.4158276643991,false
772,114.40361022949219,0.9057401418685913,198.67825396825396,false
773,114.41340637207031,0.9060125350952148,198.94054421768706,false
774,114.41807556152344,0.9067516326904297,199.20242630385488,false
775,114.4038314819336,0.907474935054779,199.46403628117915,false
776,114.3743667602539,0.9049166440963745,199.72596371882085,false
777,114.35740661621094,0.9050055146217346,199.98804988662133,false
778,114.34638214111328,0.9058424830436707,200.25002267573697,true
779,114.32838439941406,0.9066746234893799,200.51231292517008,false
780,114.32352447509766,0.907500147819519,200.77473922902493,false
781,114.32447814941406,0.9083195924758911,201.0372789115646,false
782,114.3310546875,0.9091313481330872,201.29977324263038,false
783,114.33661651611328,0.9099336862564087,201.5621768707483,false
784,114.33778381347656,0.9107270836830139,201.82451247165534,false
785,114.33611297607422,0.9115093946456909,202.08696145124716,false
786,114.34032440185547,0.9122796654701233,202.34941043083901,true
787,114.3449935913086,0.911636233329773,202.61190476190475,false
788,114.35142517089844,0.9124385714530945,202.87428571428572,false
789,114.35330963134766,0.9132305383682251,203.13662131519274,false
790,114.35298156738281,0.9130856990814209,203.39879818594105,false
791,114.34515380859375,0.9138907790184021,203.6608843537415,false
792,114.33181762695312,0.9136159420013428,203.92292517006803,false
793,114.31486511230469,0.9144512414932251,204.18505668934242,false
794,114.30038452148438,0.9144412875175476,204.44725623582767,true
795,114.28842163085938,0.9152910113334656,204.709410430839,false
796,114.27239227294922,0.9161297082901001,204.9717006802721,false
797,114.26106262207031,0.9169741272926331,205.2339455782313,false
798,114.24635314941406,0.9178106784820557,205.4963038548753,false
799,114.236083984375,0.9175256490707397,205.75863945578232,false
800,114.22265625,0.9184024930000305,206.02108843537414,false
801,114.21420288085938,0.919274628162384,206.28344671201813,false
802,114.2001724243164,0.9201105833053589,206.5459410430839,true
803,114.19125366210938,0.920966625213623,206.80857142857144,false
804,114.18810272216797,0.9217328429222107,207.07131519274375,false
805,114.1900634765625,0.9225887060165405,207.33410430839,false
806,114.19343566894531,0.9234156608581543,207.59675736961452,false
807,114.19111633300781,0.9242563843727112,207.85931972789115,false
808,114.18379974365234,0.9250892400741577,208.12201814058957,false
809,114.18309783935547,0.925871729850769,208.38462585034014,false
810,114.177490234375,0.9266839623451233,208.64714285714285,true
811,114.1664810180664,0.9274863004684448,208.9097732426304,false
812,114.15995025634766,0.9282752871513367,209.17226757369613,false
813,114.146728515625,0.9290493726730347,209.43492063492064,false
814,114.13959503173828,0.9297908544540405,209.69773242630384,false
815,114.13883209228516,0.929581880569458,209.9604081632653,false
816,114.1312255859375,0.9287474155426025,210.22319727891156,false
817,114.12803649902344,0.9295955896377563,210.48619047619047,false
818,114.13502502441406,0.9304351806640625,210.74931972789116,true
819,114.1486587524414,0.9312476515769958,211.01222222222222,false
820,114.15303039550781,0.932066798210144,211.27517006802722,false
821,114.16036987304688,0.932873547077179,211.53807256235828,false
822,114.16621398925781,0.9334458708763123,211.801179138322,false
823,114.18275451660156,0.9315981268882751,212.06412698412697,false
824,114.19313049316406,0.9325286746025085,212.32689342403629,false
825,114.19588470458984,0.9334586262702942,212.58956916099774,false
826,114.19477081298828,0.9343464970588684,212.8524036281179,true
827,114.20140838623047,0.935274064540863,213.11514739229025,false
828,114.20480346679688,0.9361989498138428,213.3779365079365,false
829,114.20991516113281,0.9371157288551331,213.64092970521543,false
830,114.22636413574219,0.9380342960357666,213.90392290249434,false
831,114.24415588378906,0.9389487504959106,214.16668934240363,false
832,114.25286865234375,0.9398072957992554,214.42963718820863,false
833,114.27116394042969,0.9407161474227905,214.69240362811792,false
834,114.28270721435547,0.9416161775588989,214.95532879818595,true
835,114.30358123779297,0.9425144791603088,215.21814058956917,false
836,114.32148742675781,0.9434059858322144,215.48079365079366,false
837,114.33390808105469,0.9440492391586304,215.74331065759637,false
838,114.34064483642578,0.9449437856674194,216.00575963718822,false
839,114.34498596191406,0.9457143545150757,216.26800453514738,false
840,114.33987426757812,0.9458461999893188,216.53020408163266,false
841,114.33238220214844,0.9467793107032776,216.79256235827665,false
842,114.33171081542969,0.9477106332778931,217.0550566893424,true
843,114.33716583251953,0.948626697063446,217.31775510204082,false
844,114.3529052734375,0.9495235681533813,217.58034013605442,false
845,114.36455535888672,0.9504449367523193,217.84290249433107,false
846,114.37674713134766,0.9513614177703857,218.10532879818595,false
847,114.383544921875,0.9522725343704224,218.367641723356,false
848,114.38606262207031,0.9531778693199158,218.6298185941043,false
849,114.38159942626953,0.9540769457817078,218.89210884353741,false
850,114.38300323486328,0.9549692273139954,219.15451247165532,true
851,114.38955688476562,0.9558404684066772,219.4168934240363,false
852,114.39546966552734,0.9567187428474426,219.67913832199545,false
853,114.39571380615234,0.9575886726379395,219.94129251700681,false
854,114.39160919189453,0.9584492444992065,220.20337868480726,false
855,114.3838119506836,0.9593007564544678,220.46555555555557,false
856,114.37934112548828,0.9601417183876038,220.72764172335602,false
857,114.37010955810547,0.960969090461731,220.98968253968255,false
858,114.35820007324219,0.9614874124526978,221.25183673469388,true
859,114.35005187988281,0.9623199105262756,221.5138321995465,false
860,114.33383178710938,0.9631410837173462,221.77580498866214,false
861,114.31404113769531,0.9639500975608826,222.03791383219954,false
862,114.29874420166016,0.964746356010437,222.30015873015873,false
863,114.28836059570312,0.9655290842056274,222.56240362811792,false
864,114.27700805664062,0.9662973880767822,222.82464852607708,false
865,114.26472473144531,0.9670503735542297,223.0868253968254,false
866,114.24707794189453,0.9677870273590088,223.34886621315192,true
867,114.22120666503906,0.9685066342353821,223.6109977324263,false
868,114.19715881347656,0.9689390659332275,223.87328798185942,false
869,114.17781829833984,0.9696467518806458,224.1356462585034,false
870,114.15923309326172,0.9703356027603149,224.39800453514738,false
871,114.13873291015625,0.9709485173225403,224.6604761904762,false
872,114.1211166381836,0.9716019630432129,224.922947845805,false
873,114.1016845703125,0.9722314476966858,225.18544217687074,false
874,114.08147430419922,0.9728394746780396,225.44786848072562,true
875,114.0557861328125,0.9734224081039429,225.71009070294784,false
876,114.01750183105469,0.9739774465560913,225.9724263038549,false
877,113.9802017211914,0.9745045304298401,226.23485260770974,false
878,113.9437026977539,0.9750004410743713,226.49743764172337,false
879,113.91060638427734,0.975343644618988,226.76013605442176,false
880,113.87944030761719,0.9757798314094543,227.02292517006802,false
881,113.84929656982422,0.9761782288551331,227.28591836734694,false
882,113.82543182373047,0.9765726923942566,227.5491156462585,true
883,113.80895233154297,0.9769673943519592,227.81204081632654,false
884,113.77717590332031,0.9773622155189514,228.0748979591837,false
885,113.73826599121094,0.9777570366859436,228.3380045351474,false
886,113.70777130126953,0.9781521558761597,228.6014739229025,false
887,113.69105529785156,0.9785199761390686,228.86514739229025,false
888,113.6814956665039,0.978915274143219,229.1290022675737,false
889,113.67962646484375,0.9793108701705933,229.3927664399093,false
890,113.67410278320312,0.9797066450119019,229.6563038548753,true
891,113.65653228759766,0.9801025986671448,229.9196371882086,false
892,113.62747955322266,0.9804986715316772,230.18324263038548,false
893,113.60807800292969,0.980894923210144,230.4472335600907,false
894,113.60504913330078,0.9812913537025452,230.71126984126985,false
895,113.60336303710938,0.9816879034042358,230.97526077097507,false
896,113.5994873046875,0.9820547103881836,231.2391156462585,false
897,113.58885955810547,0.9824515581130981,231.50306122448978,false
898,113.58113098144531,0.9828468561172485,231.76707482993197,true
899,113.57640075683594,0.9832440614700317,232.0311111111111,false
900,113.57244873046875,0.9836411476135254,232.2951247165533,false
901,113.56620025634766,0.9840386509895325,232.5592290249433,false
902,113.56340789794922,0.9844339489936829,232.82331065759638,false
903,113.55947875976562,0.9848318099975586,233.0875283446712,false
904,113.56157684326172,0.985222339630127,233.35163265306122,false
905,113.5592269897461,0.9856204986572266,233.61562358276643,false
906,113.55099487304688,0.9860188364982605,233.87979591836734,true
907,113.55012512207031,0.986417293548584,234.14414965986396,false
908,113.5579833984375,0.9868158102035522,234.40836734693877,false
909,113.56031036376953,0.9872146248817444,234.67233560090702,false
910,113.55076599121094,0.9876136183738708,234.936462585034,false
911,113.54761505126953,0.9880127310752869,235.2004761904762,false
912,113.53872680664062,0.9884120225906372,235.464693877551,false
913,113.53872680664062,0.9887999892234802,235.72891156462586,false
914,113.53871154785156,0.9891996383666992,235.99312925170068,true
915,113.53871154785156,0.9895994067192078,236.2571201814059,false
916,113.52696990966797,0.9899992942810059,236.52136054421769,false
917,113.52696228027344,0.9903994202613831,236.78539682539682,false
918,113.51648712158203,0.9907996654510498,237.04965986394558,false
919,113.51648712158203,0.9912000894546509,237.31394557823128,false
920,113.51648712158203,0.9916006326675415,237.57823129251702,false
921,113.51648712158203,0.9920014142990112,237.84251700680272,false
922,113.51648712158203,0.9924018383026123,238.10680272108843,true
923,113.51649475097656,0.9928029179573059,238.37151927437642,false
924,113.5376205444336,0.993203341960907,238.6359410430839,false
925,113.5469970703125,0.9936047196388245,238.9,false
926,113.54096221923828,0.9940062761306763,239.16421768707482,false
927,113.54096221923828,0.9944079518318176,239.42843537414967,false
928,113.54096984863281,0.9948036670684814,239.6926530612245,false
929,113.54096221923828,0.9952055215835571,239.95639455782313,false
930,113.51806640625,0.9956077337265015,240.22043083900226,true
931,113.50767517089844,0.9960100054740906,240.484716553288,false
932,113.50767517089844,0.9964022040367126,240.75015873015872,false
933,113.56239318847656,0.9967035055160522,241.01541950113378,false
934,113.61447143554688,0.9971063137054443,241.2801814058957,false
935,113.64936828613281,0.997509241104126,241.5449433106576,false
936,113.68790435791016,0.9979124069213867,241.8097052154195,false
937,113.73062896728516,0.985190749168396,242.0734693877551,false
938,113.73062896728516,0.985190749168396,242.3372335600907,true
939,113.66026306152344,0.9976134896278381,242.6009977324263,false
940,113.66026306152344,0.9972105026245117,242.8664172335601,false
941,113.66026306152344,0.9968076944351196,243.13036281179137,false
942,113.66889190673828,0.9964050054550171,243.3942857142857,false
943,113.67123413085938,0.9960024356842041,243.65802721088434,false
944,113.67123413085938,0.995611846446991,243.92190476190476,false
945,113.67123413085938,0.9952096343040466,244.18582766439908,false
946,113.67123413085938,0.9948076009750366,244.4497505668934,true
947,113.67123413085938,0.9944057464599609,244.71367346938774,false
948,113.65795135498047,0.9940040111541748,244.97757369614513,false
949,113.65795135498047,0.9936025142669678,245.24179138321995,false
950,113.6540756225586,0.9932010769844055,245.50573696145125,false
951,113.64378356933594,0.9927998781204224,245.76977324263038,false
952,113.64378356933594,0.9923987984657288,246.03396825396825,false
953,113.63700866699219,0.9921548962593079,246.2979365079365,false
954,113.6444091796875,0.9917540550231934,246.5620634920635,true
955,113.63855743408203,0.9914029836654663,246.82587301587301,false
956,113.63856506347656,0.9910024404525757,247.09,false
957,113.64217376708984,0.9906021356582642,247.35399092970522,false
958,113.63914489746094,0.9902019500732422,247.61789115646258,false
959,113.63914489746094,0.9898019433021545,247.88195011337868,false
960,113.6409683227539,0.9894023537635803,248.1459410430839,false
961,113.65081787109375,0.9890026450157166,248.4098866213152,false
962,113.65762329101562,0.9886031150817871,248.67362811791384,true
963,113.65763854980469,0.9882038831710815,248.93743764172336,false
964,113.65992736816406,0.9878047108650208,249.20138321995464,false
965,113.65190887451172,0.9874056577682495,249.46526077097505,false
966,113.65213012695312,0.9870190024375916,249.72938775510204,false
967,113.64466857910156,0.9866202473640442,249.99333333333334,false
968,113.64320373535156,0.9862217307090759,250.25746031746033,false
969,113.63581848144531,0.9858233332633972,250.5214739229025,false
970,113.62603759765625,0.9854251146316528,250.78562358276645,true
971,113.61981964111328,0.985027015209198,251.04984126984127,false
972,113.62386322021484,0.9846598505973816,251.31399092970523,false
973,113.61900329589844,0.9842620491981506,251.57791383219956,false
974,113.62772369384766,0.9838644862174988,251.84204081632652,false
975,113.61905670166016,0.9834670424461365,252.10587301587302,false
976,113.6141357421875,0.9830697774887085,252.37009070294783,false
977,113.60285186767578,0.9826726317405701,252.6342403628118,false
978,113.58748626708984,0.9824004769325256,252.89854875283447,true
979,113.57362365722656,0.9820035696029663,253.16297052154195,false
980,113.56552124023438,0.9816209673881531,253.42739229024943,false
981,113.54621887207031,0.9812244176864624,253.69172335600908,false
982,113.53363037109375,0.9809461832046509,253.95632653061224,false
983,113.52349853515625,0.9805499315261841,254.2208163265306,false
984,113.51631164550781,0.9801537990570068,254.48528344671203,false
985,113.51631164550781,0.9797578454017639,254.7497052154195,false
986,113.52975463867188,0.9793637990951538,255.01396825396824,true
987,113.53974151611328,0.9789682030677795,255.27791383219954,false
988,113.5486831665039,0.9785727262496948,255.54192743764173,false
989,113.55995178222656,0.9781773686408997,255.8059410430839,false
990,113.56427764892578,0.9777822494506836,256.0698639455782,false
991,113.56808471679688,0.9773873686790466,256.33392290249435,false
992,113.5660171508789,0.9769925475120544,256.5979818594104,false
993,113.57008361816406,0.9765978455543518,256.86217687074827,false
994,113.57240295410156,0.9762033820152283,257.1262358276644,true
995,113.57427215576172,0.9758116006851196,257.3903174603175,false
996,113.57828521728516,0.975376307964325,257.6544217687075,false
997,113.58990478515625,0.974905252456665,257.9184580498866,false
998,113.59077453613281,0.974446713924408,258.1823129251701,false
999,113.59043884277344,0.9739153981208801,258.4463945578231,false
1000,113.59199523925781,0.9733554124832153,258.71049886621313,false
1001,113.6037368774414,0.9727687835693359,258.97455782312926,false
1002,113.59821319580078,0.9721639752388,259.2383673469388,true
1003,113.59214782714844,0.9715303182601929,259.50256235827663,false
1004,113.5878677368164,0.9708742499351501,259.7667800453515,false
1005,113.58788299560547,0.9701975584030151,260.03097505668933,false
1006,113.58393096923828,0.9695014953613281,260.29507936507935,false
1007,113.5793228149414,0.9688444137573242,260.55927437641725,false
1008,113.57633209228516,0.9681171774864197,260.82349206349204,false
1009,113.58146667480469,0.9673733711242676,261.08768707482994,false
1010,113.58190155029297,0.9666138887405396,261.35170068027213,true
1011,113.58253479003906,0.9658467769622803,261.61580498866215,false
1012,113.58524322509766,0.9650591015815735,261.87990929705217,false
1013,113.58514404296875,0.9642581939697266,262.14396825396824,false
1014,113.58412170410156,0.9634448885917664,262.40807256235826,false
1015,113.58552551269531,0.9626197814941406,262.6721995464853,false
1016,113.59355926513672,0.9617837071418762,262.93628117913835,false
1017,113.59764862060547,0.9609372019767761,263.20020408163265,false
1018,113.60134887695312,0.9601455926895142,263.4641950113379,true
1019,113.60843658447266,0.9592846632003784,263.7281859410431,false
1020,113.61195373535156,0.9584147930145264,263.99208616780044,false
1021,113.615478515625,0.9575767517089844,264.2560544217687,false
1022,113.6213150024414,0.9566935300827026,264.520022675737,false
1023,113.62350463867188,0.955802857875824,264.78392290249434,false
1024,113.6259994506836,0.9549053311347961,265.0478911564626,false
1025,113.63285827636719,0.9540388584136963,265.3118594104308,false
1026,113.63587188720703,0.9531313180923462,265.5757142857143,true
1027,113.63987731933594,0.9522181153297424,265.8396371882086,false
1028,113.64434814453125,0.9513096213340759,266.103537414966,false
1029,113.64881896972656,0.9503870010375977,266.36741496598637,false
1030,113.64881896972656,0.9494625329971313,266.6312925170068,false
1031,113.64881896972656,0.9485315084457397,266.8952607709751,false
1032,113.64881896972656,0.9475967884063721,267.15922902494333,false
1033,113.64881896972656,0.94715416431427,267.4231972789116,false
1034,113.64894104003906,0.946241557598114,267.6871655328798,true
1035,113.6490478515625,0.9453241229057312,267.95113378684806,false
1036,113.6491470336914,0.9444021582603455,268.2151020408163,false
1037,113.6491470336914,0.9434762001037598,268.4790702947846,false
1038,113.6491470336914,0.9425466060638428,268.74303854875285,false
1039,113.6491470336914,0.9416137337684631,269.0070068027211,false
1040,113.6491470336914,0.9406780004501343,269.27097505668934,false
1041,113.6491470336914,0.9397396445274353,269.5349433106576,false
1042,113.6491470336914,0.9387990832328796,269.7989115646258,true
1043,113.64923858642578,0.9378566145896912,270.0628798185941,false
1044,113.6493148803711,0.9369124174118042,270.32684807256237,false
1045,113.64938354492188,0.9359668493270874,270.5908163265306,false
1046,113.64944458007812,0.9350201487541199,270.85478458049886,false
1047,113.64945220947266,0.9340725541114807,271.1187528344671,false
1048,113.64830780029297,0.9331242442131042,271.38272108843535,false
1049,113.64830780029297,0.9321754574775696,271.6467120181406,false
1050,113.64813232421875,0.9312264323234558,271.91068027210883,true
1051,113.64823913574219,0.9302772879600525,272.1746485260771,false
1052,113.64823150634766,0.929328203201294,272.4386167800454,false
1053,113.6484146118164,0.9289961457252502,272.7025850340136,false
